Name,Area Type,2011,2012,2013,2014,2015,2016,2017,2018,2019,2020,2021,2022,2023,2024,2025,,2011-12 Changes,2012-13 Changes,2013-14 Changes,2014-15 Changes,2015-16 Changes,2016-17 Changes,2017-18 Changes,2018-19 Changes,2019-20 Changes,2020-21 Changes,2021-22 Changes,2022-23 Changes,2023-24 Changes,2024-25 Changes
Vancouver,CY,"622,467","632,232","642,993","653,125","656,696","664,913","670,405","679,603","694,569","701,145","696,031","708,220","732,005","748,788","740,454",,1.60%,1.70%,1.60%,0.50%,1.30%,0.80%,1.40%,2.20%,0.90%,-0.70%,1.80%,3.40%,2.30%,-1.10%
Surrey,CY,"482,063","496,869","508,959","522,467","530,349","543,495","553,188","563,844","578,429","589,554","597,141","618,908","652,371","690,159","703,531",,3.10%,2.40%,2.70%,1.50%,2.50%,1.80%,1.90%,2.60%,1.90%,1.30%,3.60%,5.40%,5.80%,1.90%
Burnaby,CY,"229,632","233,908","236,245","240,584","240,798","244,567","246,515","250,241","255,248","258,706","261,800","271,239","283,910","296,109","299,682",,1.90%,1.00%,1.80%,0.10%,1.60%,0.80%,1.50%,2.00%,1.40%,1.20%,3.60%,4.70%,4.30%,1.20%
Richmond,CY,"194,973","197,055","200,441","203,218","204,463","207,610","209,599","212,855","216,794","218,916","221,178","228,349","235,936","242,142","239,584",,1.10%,1.70%,1.40%,0.60%,1.50%,1.00%,1.60%,1.90%,1.00%,1.00%,3.20%,3.30%,2.60%,-1.10%
Abbotsford,CY,"136,894","138,403","140,321","141,891","144,475","148,121","150,566","153,940","157,306","159,139","160,759","163,767","168,365","171,949","175,358",,1.10%,1.40%,1.10%,1.80%,2.50%,1.70%,2.20%,2.20%,1.20%,1.00%,1.90%,2.80%,2.10%,2.00%
Coquitlam,CY,"130,540","134,122","137,870","141,261","143,552","146,146","148,351","149,904","151,619","153,449","155,554","160,415","166,491","172,819","173,599",,2.70%,2.80%,2.50%,1.60%,1.80%,1.50%,1.00%,1.10%,1.20%,1.40%,3.10%,3.80%,3.80%,0.50%
Kelowna,CY,"120,013","121,824","123,677","126,400","129,504","133,381","136,388","140,289","144,178","147,826","151,516","155,921","160,320","164,947","167,654",,1.50%,1.50%,2.20%,2.50%,3.00%,2.30%,2.90%,2.80%,2.50%,2.50%,2.90%,2.80%,2.90%,1.60%
"Langley, District Municipality",DM,"106,660","109,593","112,732","115,782","118,728","122,977","126,952","130,658","133,383","135,885","138,426","146,351","153,977","161,841","163,885",,2.70%,2.90%,2.70%,2.50%,3.60%,3.20%,2.90%,2.10%,1.90%,1.90%,5.70%,5.20%,5.10%,1.30%
Saanich,DM,"112,014","113,278","115,057","116,064","116,881","119,209","119,841","120,312","121,795","122,584","122,889","124,028","124,465","126,219","126,011",,1.10%,1.60%,0.90%,0.70%,2.00%,0.50%,0.40%,1.20%,0.60%,0.20%,0.90%,0.40%,1.40%,-0.20%
Delta,CY,"101,845","102,749","103,604","105,025","105,366","106,585","107,643","109,488","111,043","112,454","113,091","115,592","119,651","124,168","124,670",,0.90%,0.80%,1.40%,0.30%,1.20%,1.00%,1.70%,1.40%,1.30%,0.60%,2.20%,3.50%,3.80%,0.40%
Nanaimo,CY,"85,582","86,886","88,257","90,090","92,142","94,395","96,728","98,877","101,172","102,726","104,022","106,338","108,228","110,580","111,845",,1.50%,1.60%,2.10%,2.30%,2.40%,2.50%,2.20%,2.30%,1.50%,1.30%,2.20%,1.80%,2.20%,1.10%
Kamloops,CY,"87,635","88,636","89,815","90,972","92,185","94,487","96,339","99,068","100,625","101,764","102,271","104,468","106,809","108,652","108,793",,1.10%,1.30%,1.30%,1.30%,2.50%,2.00%,2.80%,1.60%,1.10%,0.50%,2.10%,2.20%,1.70%,0.10%
Maple Ridge,CY,"77,918","79,171","80,026","81,649","83,193","86,404","88,950","91,556","92,390","93,115","95,107","98,559","102,080","105,820","105,925",,1.60%,1.10%,2.00%,1.90%,3.90%,2.90%,2.90%,0.90%,0.80%,2.10%,3.60%,3.60%,3.70%,0.10%
Chilliwack,CY,"79,707","80,893","81,945","83,317","85,026","87,695","90,126","92,806","94,560","95,818","97,222","98,771","100,303","103,645","105,520",,1.50%,1.30%,1.70%,2.10%,3.10%,2.80%,3.00%,1.90%,1.30%,1.50%,1.60%,1.60%,3.30%,1.80%
Victoria,CY,"82,464","83,422","85,139","86,573","88,248","90,236","91,802","93,668","95,789","96,399","96,277","98,540","100,558","103,077","103,888",,1.20%,2.10%,1.70%,1.90%,2.30%,1.70%,2.00%,2.30%,0.60%,-0.10%,2.40%,2.00%,2.50%,0.80%
"North Vancouver, District Municipality",DM,"85,729","86,395","87,153","87,863","87,999","89,369","89,719","90,117","90,774","91,066","91,599","93,801","96,486","98,928","97,845",,0.80%,0.90%,0.80%,0.20%,1.60%,0.40%,0.40%,0.70%,0.30%,0.60%,2.40%,2.90%,2.50%,-1.10%
New Westminster,CY,"67,949","69,662","69,476","71,695","72,708","74,761","76,197","78,120","80,087","82,118","82,943","85,319","88,207","91,798","92,124",,2.50%,-0.30%,3.20%,1.40%,2.80%,1.90%,2.50%,2.50%,2.50%,1.00%,2.90%,3.40%,4.10%,0.40%
Prince George,CY,"73,733","74,274","75,247","75,867","76,448","77,488","78,301","79,353","80,195","80,679","80,259","81,158","82,805","84,746","85,944",,0.70%,1.30%,0.80%,0.80%,1.40%,1.00%,1.30%,1.10%,0.60%,-0.50%,1.10%,2.00%,2.30%,1.40%
Port Coquitlam,CY,"57,013","57,829","58,487","59,373","60,278","61,522","62,071","63,165","64,026","64,181","64,205","65,463","67,453","68,894","67,724",,1.40%,1.10%,1.50%,1.50%,2.10%,0.90%,1.80%,1.40%,0.20%,0.00%,2.00%,3.00%,2.10%,-1.70%
"North Vancouver, City of",CY,"49,548","50,437","51,438","53,084","54,737","55,512","56,292","57,624","58,597","59,618","60,951","62,818","64,743","66,901","66,624",,1.80%,2.00%,3.20%,3.10%,1.40%,1.40%,2.40%,1.70%,1.70%,2.20%,3.10%,3.10%,3.30%,-0.40%
Langford,CY,"30,183","31,733","33,173","34,320","35,618","37,313","39,577","41,639","43,502","46,333","49,199","52,484","54,732","57,567","59,664",,5.10%,4.50%,3.50%,3.80%,4.80%,6.10%,5.20%,4.50%,6.50%,6.20%,6.70%,4.30%,5.20%,3.60%
Vernon,CY,"38,813","39,278","39,500","40,226","40,813","41,677","42,470","43,203","44,262","45,343","46,199","47,249","48,106","48,920","49,527",,1.20%,0.60%,1.80%,1.50%,2.10%,1.90%,1.70%,2.50%,2.40%,1.90%,2.30%,1.80%,1.70%,1.20%
West Vancouver,DM,"43,238","43,418","43,652","43,799","43,769","43,889","43,957","44,162","44,636","45,146","45,539","46,489","47,507","48,640","47,929",,0.40%,0.50%,0.30%,-0.10%,0.30%,0.20%,0.50%,1.10%,1.10%,0.90%,2.10%,2.20%,2.40%,-1.50%
Mission,DM,"37,058","37,820","37,985","38,530","39,281","40,428","41,571","42,250","42,836","42,906","43,340","43,585","45,005","46,552","47,280",,2.10%,0.40%,1.40%,1.90%,2.90%,2.80%,1.60%,1.40%,0.20%,1.00%,0.60%,3.30%,3.40%,1.60%
West Kelowna,CY,"31,466","31,791","32,347","32,776","33,357","34,040","34,697","35,404","35,961","36,794","37,568","39,048","39,873","40,279","40,274",,1.00%,1.70%,1.30%,1.80%,2.00%,1.90%,2.00%,1.60%,2.30%,2.10%,3.90%,2.10%,1.00%,0.00%
Penticton,CY,"33,385","33,122","33,344","33,712","34,245","34,998","35,704","36,770","37,462","37,747","38,115","38,432","38,453","38,616","39,068",,-0.80%,0.70%,1.10%,1.60%,2.20%,2.00%,3.00%,1.90%,0.80%,1.00%,0.80%,0.10%,0.40%,1.20%
Campbell River,CY,"32,106","32,205","32,531","33,001","33,534","34,302","34,830","35,545","35,963","36,383","36,872","37,585","37,827","38,150","38,300",,0.30%,1.00%,1.40%,1.60%,2.30%,1.50%,2.10%,1.20%,1.20%,1.30%,1.90%,0.60%,0.90%,0.40%
Port Moody,CY,"33,900","34,224","34,584","35,206","35,299","35,065","34,890","35,043","35,075","34,937","34,987","36,221","37,524","38,990","38,285",,1.00%,1.10%,1.80%,0.30%,-0.70%,-0.50%,0.40%,0.10%,-0.40%,0.10%,3.50%,3.60%,3.90%,-1.80%
"Langley, City of",CY,"25,724","26,215","26,549","26,654","26,476","27,160","27,877","28,411","28,882","29,510","30,333","32,141","33,482","35,334","35,444",,1.90%,1.30%,0.40%,-0.70%,2.60%,2.60%,1.90%,1.70%,2.20%,2.80%,6.00%,4.20%,5.50%,0.30%
North Cowichan,DM,"29,262","29,358","29,410","29,790","30,093","30,772","31,295","31,912","32,210","32,621","33,087","33,553","33,637","34,196","34,525",,0.30%,0.20%,1.30%,1.00%,2.30%,1.70%,2.00%,0.90%,1.30%,1.40%,1.40%,0.30%,1.70%,1.00%
Courtenay,CY,"24,662","24,589","24,808","25,276","26,074","26,594","27,135","27,818","28,436","28,907","29,519","30,374","31,136","32,037","32,869",,-0.30%,0.90%,1.90%,3.20%,2.00%,2.00%,2.50%,2.20%,1.70%,2.10%,2.90%,2.50%,2.90%,2.60%
Squamish,DM,"17,642","18,378","18,851","19,286","19,515","20,579","21,422","22,017","22,604","23,631","25,063","25,502","26,454","27,574","28,578",,4.20%,2.60%,2.30%,1.20%,5.50%,4.10%,2.80%,2.70%,4.50%,6.10%,1.80%,3.70%,4.20%,3.60%
White Rock,CY,"19,544","19,705","19,761","20,143","20,297","20,643","21,117","21,638","21,957","22,240","22,567","23,524","24,508","25,229","25,057",,0.80%,0.30%,1.90%,0.80%,1.70%,2.30%,2.50%,1.50%,1.30%,1.50%,4.20%,4.20%,2.90%,-0.70%
Fort St. John,CY,"19,389","20,175","20,616","21,115","21,391","21,374","21,505","22,037","22,375","22,564","22,665","22,835","23,101","23,797","24,383",,4.10%,2.20%,2.40%,1.30%,-0.10%,0.60%,2.50%,1.50%,0.80%,0.40%,0.80%,1.20%,3.00%,2.50%
Colwood,CY,"16,463","16,664","16,838","16,987","17,068","17,669","17,949","18,339","18,883","19,330","19,798","20,972","21,590","22,236","22,794",,1.20%,1.00%,0.90%,0.50%,3.50%,1.60%,2.20%,3.00%,2.40%,2.40%,5.90%,2.90%,3.00%,2.50%
Cranbrook,CY,"19,647","19,877","20,150","20,346","20,580","20,796","20,833","20,976","21,288","21,368","21,417","21,828","22,355","22,623","22,703",,1.20%,1.40%,1.00%,1.20%,1.00%,0.20%,0.70%,1.50%,0.40%,0.20%,1.90%,2.40%,1.20%,0.40%
Pitt Meadows,CY,"18,176","18,426","18,617","18,952","19,142","19,430","19,790","19,972","19,983","19,879","19,919","20,543","21,067","21,298","20,892",,1.40%,1.00%,1.80%,1.00%,1.50%,1.90%,0.90%,0.10%,-0.50%,0.20%,3.10%,2.60%,1.10%,-1.90%
Salmon Arm,CY,"17,660","17,558","17,587","17,718","17,936","18,319","18,849","19,114","19,365","19,644","20,081","20,641","20,787","20,825","20,891",,-0.60%,0.20%,0.70%,1.20%,2.10%,2.90%,1.40%,1.30%,1.40%,2.20%,2.80%,0.70%,0.20%,0.30%
Port Alberni,CY,"17,978","17,882","17,725","17,712","17,950","18,284","18,347","18,523","18,629","18,767","18,938","19,287","19,418","19,526","19,671",,-0.50%,-0.90%,-0.10%,1.30%,1.90%,0.30%,1.00%,0.60%,0.70%,0.90%,1.80%,0.70%,0.60%,0.70%
Esquimalt,DM,"16,616","17,252","17,397","17,762","18,000","18,527","18,382","18,606","18,681","18,515","18,298","18,759","19,072","19,184","19,512",,3.80%,0.80%,2.10%,1.30%,2.90%,-0.80%,1.20%,0.40%,-0.90%,-1.20%,2.50%,1.70%,0.60%,1.70%
Oak Bay,DM,"18,180","18,394","18,580","18,648","18,411","18,654","18,382","18,405","18,359","18,465","18,533","18,815","18,736","18,777","18,626",,1.20%,1.00%,0.40%,-1.30%,1.30%,-1.50%,0.10%,-0.20%,0.60%,0.40%,1.50%,-0.40%,0.20%,-0.80%
Central Saanich,DM,"16,155","16,368","16,513","16,709","16,942","17,457","17,626","17,832","17,859","18,014","17,989","18,171","18,125","18,314","18,184",,1.30%,0.90%,1.20%,1.40%,3.00%,1.00%,1.20%,0.20%,0.90%,-0.10%,1.00%,-0.30%,1.00%,-0.70%
Lake Country,DM,"11,972","12,248","12,346","12,747","13,066","13,548","14,224","14,913","15,398","15,924","16,513","17,125","17,396","17,563","17,637",,2.30%,0.80%,3.20%,2.50%,3.70%,5.00%,4.80%,3.30%,3.40%,3.70%,3.70%,1.60%,1.00%,0.40%
Sooke,DM,"11,719","12,276","12,540","12,857","13,069","13,623","14,109","14,485","14,803","15,236","15,712","16,432","16,815","17,145","17,248",,4.80%,2.20%,2.50%,1.60%,4.20%,3.60%,2.70%,2.20%,2.90%,3.10%,4.60%,2.30%,2.00%,0.60%
Comox,T,"13,806","14,114","14,196","14,177","14,287","14,476","14,674","14,856","15,017","15,164","15,265","15,388","15,689","15,917","15,884",,2.20%,0.60%,-0.10%,0.80%,1.30%,1.40%,1.20%,1.10%,1.00%,0.70%,0.80%,2.00%,1.50%,-0.20%
Parksville,CY,"12,044","12,152","12,242","12,233","12,454","12,799","13,037","13,209","13,428","13,558","14,042","14,288","14,599","14,966","15,371",,0.90%,0.70%,-0.10%,1.80%,2.80%,1.90%,1.30%,1.70%,1.00%,3.60%,1.80%,2.20%,2.50%,2.70%
Whistler,DM,"10,232","10,542","10,887","11,457","11,810","12,622","13,322","13,999","14,924","15,446","14,771","15,276","15,859","15,854","15,090",,3.00%,3.30%,5.20%,3.10%,6.90%,5.50%,5.10%,6.60%,3.50%,-4.40%,3.40%,3.80%,0.00%,-4.80%
Powell River,CY,"13,273","13,282","13,357","13,418","13,344","13,564","13,727","13,902","13,997","14,240","14,392","14,558","14,793","14,866","14,947",,0.10%,0.60%,0.50%,-0.60%,1.60%,1.20%,1.30%,0.70%,1.70%,1.10%,1.20%,1.60%,0.50%,0.50%
Terrace,CY,"11,680","11,816","11,834","12,030","12,134","12,105","12,126","12,226","12,258","12,533","12,604","12,745","13,101","13,568","13,648",,1.20%,0.20%,1.70%,0.90%,-0.20%,0.20%,0.80%,0.30%,2.20%,0.60%,1.10%,2.80%,3.60%,0.60%
Dawson Creek,CY,"11,901","11,990","12,124","12,392","12,511","12,804","12,923","12,911","13,011","13,101","12,910","13,086","13,254","13,637","13,635",,0.70%,1.10%,2.20%,1.00%,2.30%,0.90%,-0.10%,0.80%,0.70%,-1.50%,1.40%,1.30%,2.90%,0.00%
Sidney,T,"11,268","11,428","11,442","11,611","11,733","12,004","12,193","12,354","12,382","12,531","12,614","13,060","13,197","13,301","13,445",,1.40%,0.10%,1.50%,1.10%,2.30%,1.60%,1.30%,0.20%,1.20%,0.70%,3.50%,1.00%,0.80%,1.10%
North Saanich,DM,"11,211","11,287","11,365","11,414","11,396","11,616","11,678","11,860","12,041","12,248","12,623","13,045","13,209","13,253","12,986",,0.70%,0.70%,0.40%,-0.20%,1.90%,0.50%,1.60%,1.50%,1.70%,3.10%,3.30%,1.30%,0.30%,-2.00%
Prince Rupert,CY,"12,704","12,712","12,689","12,737","12,712","12,707","12,805","12,839","12,848","12,800","12,895","12,859","12,782","12,936","12,903",,0.10%,-0.20%,0.40%,-0.20%,0.00%,0.80%,0.30%,0.10%,-0.40%,0.70%,-0.30%,-0.60%,1.20%,-0.30%
View Royal,T,"9,582","9,871","10,056","10,577","10,663","10,870","11,185","11,327","11,607","11,885","12,062","12,443","12,481","12,678","12,795",,3.00%,1.90%,5.20%,0.80%,1.90%,2.90%,1.30%,2.50%,2.40%,1.50%,3.20%,0.30%,1.60%,0.90%
Summerland,DM,"11,394","11,409","11,494","11,758","11,970","11,936","12,093","12,128","12,167","12,259","12,426","12,522","12,348","12,371","12,343",,0.10%,0.70%,2.30%,1.80%,-0.30%,1.30%,0.30%,0.30%,0.80%,1.40%,0.80%,-1.40%,0.20%,-0.20%
Nelson,CY,"10,420","10,398","10,551","10,575","10,826","10,989","11,097","11,303","11,508","11,537","11,586","11,585","11,914","12,110","12,126",,-0.20%,1.50%,0.20%,2.40%,1.50%,1.00%,1.90%,1.80%,0.30%,0.40%,0.00%,2.80%,1.60%,0.10%
Sechelt District Municipality,DM,"9,368","9,539","9,588","9,824","10,102","10,511","10,670","10,826","10,871","11,074","11,145","11,369","11,321","11,470","11,558",,1.80%,0.50%,2.50%,2.80%,4.00%,1.50%,1.50%,0.40%,1.90%,0.60%,2.00%,-0.40%,1.30%,0.80%
Williams Lake,CY,"11,027","11,100","11,119","11,257","11,236","11,176","11,141","11,284","11,385","11,323","11,437","11,325","11,427","11,342","11,462",,0.70%,0.20%,1.20%,-0.20%,-0.50%,-0.30%,1.30%,0.90%,-0.50%,1.00%,-1.00%,0.90%,-0.70%,1.10%
Coldstream,DM,"10,463","10,640","10,636","10,766","10,908","11,056","11,220","11,237","11,311","11,413","11,576","11,585","11,624","11,452","11,380",,1.70%,0.00%,1.20%,1.30%,1.40%,1.50%,0.20%,0.70%,0.90%,1.40%,0.10%,0.30%,-1.50%,-0.60%
Quesnel,CY,"10,212","10,150","10,131","10,047","10,102","10,294","10,275","10,358","10,394","10,352","10,265","10,085","10,160","10,251","10,253",,-0.60%,-0.20%,-0.80%,0.50%,1.90%,-0.20%,0.80%,0.30%,-0.40%,-0.80%,-1.80%,0.70%,0.90%,0.00%
Kitimat,DM,"8,452","8,358","8,501","8,561","8,475","8,483","8,447","8,386","8,401","8,479","8,603","8,593","8,927","9,146","10,019",,-1.10%,1.70%,0.70%,-1.00%,0.10%,-0.40%,-0.70%,0.20%,0.90%,1.50%,-0.10%,3.90%,2.50%,9.50%
Ladysmith,T,"8,019","8,133","8,310","8,498","8,623","8,846","8,954","8,965","9,134","9,163","9,291","9,467","9,614","9,764","9,926",,1.40%,2.20%,2.30%,1.50%,2.60%,1.20%,0.10%,1.90%,0.30%,1.40%,1.90%,1.60%,1.60%,1.70%
Qualicum Beach,T,"8,699","8,683","8,760","8,787","8,888","9,115","9,193","9,198","9,253","9,322","9,453","9,585","9,566","9,590","9,640",,-0.20%,0.90%,0.30%,1.10%,2.60%,0.90%,0.10%,0.60%,0.70%,1.40%,1.40%,-0.20%,0.30%,0.50%
Castlegar,CY,"7,974","7,901","7,891","8,053","8,214","8,361","8,382","8,487","8,592","8,603","8,661","8,922","9,004","9,230","9,465",,-0.90%,-0.10%,2.10%,2.00%,1.80%,0.30%,1.30%,1.20%,0.10%,0.70%,3.00%,0.90%,2.50%,2.50%
Revelstoke,CY,"7,328","7,332","7,416","7,494","7,630","7,953","8,066","8,233","8,598","8,680","8,696","8,704","8,889","9,358","9,464",,0.10%,1.10%,1.10%,1.80%,4.20%,1.40%,2.10%,4.40%,1.00%,0.20%,0.10%,2.10%,5.30%,1.10%
Kimberley,CY,"6,778","6,950","7,135","7,352","7,512","7,733","7,800","8,001","8,091","8,246","8,422","8,631","8,794","8,938","9,037",,2.50%,2.70%,3.00%,2.20%,2.90%,0.90%,2.60%,1.10%,1.90%,2.10%,2.50%,1.90%,1.60%,1.10%
Trail,CY,"7,732","7,752","7,744","7,777","7,780","7,950","8,030","8,134","8,179","8,256","8,209","8,291","8,346","8,442","8,539",,0.30%,-0.10%,0.40%,0.00%,2.20%,1.00%,1.30%,0.60%,0.90%,-0.60%,1.00%,0.70%,1.20%,1.10%
Merritt,CY,"7,246","7,206","7,395","7,371","7,374","7,394","7,383","7,441","7,525","7,389","7,330","7,270","7,247","7,310","7,190",,-0.60%,2.60%,-0.30%,0.00%,0.30%,-0.10%,0.80%,1.10%,-1.80%,-0.80%,-0.80%,-0.30%,0.90%,-1.60%
Hope,DM,"6,051","6,015","6,071","6,142","6,272","6,394","6,417","6,594","6,795","6,747","6,911","6,988","6,711","7,059","7,183",,-0.60%,0.90%,1.20%,2.10%,1.90%,0.40%,2.80%,3.00%,-0.70%,2.40%,1.10%,-4.00%,5.20%,1.80%
Kent,DM,"5,768","5,867","5,878","6,014","6,055","6,361","6,456","6,598","6,602","6,616","6,540","6,918","6,850","7,213","7,093",,1.70%,0.20%,2.30%,0.70%,5.10%,1.50%,2.20%,0.10%,0.20%,-1.10%,5.80%,-1.00%,5.30%,-1.70%
Fernie,CY,"4,831","4,954","5,107","5,282","5,458","5,664","5,834","6,036","6,266","6,446","6,623","6,621","6,722","6,927","7,086",,2.50%,3.10%,3.40%,3.30%,3.80%,3.00%,3.50%,3.80%,2.90%,2.70%,0.00%,1.50%,3.00%,2.30%
Peachland,DM,"5,271","5,179","5,236","5,333","5,505","5,599","5,605","5,648","5,695","5,840","5,953","6,103","6,145","6,173","6,302",,-1.70%,1.10%,1.90%,3.20%,1.70%,0.10%,0.80%,0.80%,2.50%,1.90%,2.50%,0.70%,0.50%,2.10%
Creston,T,"5,359","5,340","5,290","5,352","5,407","5,528","5,578","5,623","5,649","5,713","5,733","5,873","6,002","6,054","5,976",,-0.40%,-0.90%,1.20%,1.00%,2.20%,0.90%,0.80%,0.50%,1.10%,0.40%,2.40%,2.20%,0.90%,-1.30%
Spallumcheen,DM,"5,113","5,133","5,181","5,189","5,179","5,302","5,467","5,420","5,474","5,432","5,490","5,713","5,780","5,819","5,843",,0.40%,0.90%,0.20%,-0.20%,2.40%,3.10%,-0.90%,1.00%,-0.80%,1.10%,4.10%,1.20%,0.70%,0.40%
Duncan,CY,"5,002","4,880","4,950","4,897","4,949","5,120","5,143","5,158","5,216","5,266","5,184","5,365","5,574","5,591","5,745",,-2.40%,1.40%,-1.10%,1.10%,3.50%,0.40%,0.30%,1.10%,1.00%,-1.60%,3.50%,3.90%,0.30%,2.80%
Osoyoos,T,"4,876","4,837","4,851","4,958","5,041","5,182","5,294","5,410","5,520","5,606","5,690","5,726","5,723","5,715","5,724",,-0.80%,0.30%,2.20%,1.70%,2.80%,2.20%,2.20%,2.00%,1.60%,1.50%,0.60%,-0.10%,-0.10%,0.20%
Armstrong,CY,"4,907","4,962","5,004","5,100","5,182","5,300","5,235","5,413","5,446","5,422","5,499","5,658","5,662","5,619","5,643",,1.10%,0.80%,1.90%,1.60%,2.30%,-1.20%,3.40%,0.60%,-0.40%,1.40%,2.90%,0.10%,-0.80%,0.40%
Smithers,T,"5,501","5,550","5,551","5,565","5,574","5,622","5,579","5,599","5,624","5,623","5,620","5,617","5,645","5,637","5,627",,0.90%,0.00%,0.30%,0.20%,0.90%,-0.80%,0.40%,0.40%,0.00%,-0.10%,-0.10%,0.50%,-0.10%,-0.20%
Oliver,T,"4,868","4,810","4,806","4,894","4,960","5,042","5,253","5,222","5,353","5,270","5,231","5,265","5,262","5,254","5,262",,-1.20%,-0.10%,1.80%,1.30%,1.70%,4.20%,-0.60%,2.50%,-1.60%,-0.70%,0.60%,-0.10%,-0.20%,0.20%
Metchosin,DM,"4,866","4,928","4,927","4,890","4,840","4,901","5,031","5,196","5,229","5,203","5,252","5,329","5,309","5,336","5,207",,1.30%,0.00%,-0.80%,-1.00%,1.30%,2.70%,3.30%,0.60%,-0.50%,0.90%,1.50%,-0.40%,0.50%,-2.40%
Gibsons,T,"4,502","4,489","4,546","4,698","4,687","4,743","4,832","4,891","4,843","4,877","4,909","4,860","4,948","5,111","5,090",,-0.30%,1.30%,3.30%,-0.20%,1.20%,1.90%,1.20%,-1.00%,0.70%,0.70%,-1.00%,1.80%,3.30%,-0.40%
Cumberland,VL,"3,492","3,541","3,599","3,668","3,814","3,922","4,065","4,230","4,373","4,548","4,649","4,698","4,813","4,923","4,974",,1.40%,1.60%,1.90%,4.00%,2.80%,3.60%,4.10%,3.40%,4.00%,2.20%,1.10%,2.40%,2.30%,1.00%
Vanderhoof,DM,"4,569","4,574","4,587","4,594","4,595","4,630","4,575","4,547","4,573","4,531","4,537","4,549","4,563","4,553","4,545",,0.10%,0.30%,0.20%,0.00%,0.80%,-1.20%,-0.60%,0.60%,-0.90%,0.10%,0.30%,0.30%,-0.20%,-0.20%
Bowen Island,IM,"3,447","3,614","3,672","3,699","3,752","3,827","4,001","4,128","4,199","4,229","4,401","4,427","4,524","4,613","4,501",,4.80%,1.60%,0.70%,1.40%,2.00%,4.50%,3.20%,1.70%,0.70%,4.10%,0.60%,2.20%,2.00%,-2.40%
Sparwood,DM,"3,745","3,848","3,855","3,960","3,970","3,946","3,995","4,106","4,193","4,230","4,345","4,455","4,428","4,449","4,486",,2.80%,0.20%,2.70%,0.30%,-0.60%,1.20%,2.80%,2.10%,0.90%,2.70%,2.50%,-0.60%,0.50%,0.80%
Golden,T,"3,796","3,774","3,784","3,772","3,823","3,882","3,946","4,004","4,071","4,116","4,187","4,296","4,390","4,431","4,433",,-0.60%,0.30%,-0.30%,1.40%,1.50%,1.60%,1.50%,1.70%,1.10%,1.70%,2.60%,2.20%,0.90%,0.00%
Rossland,CY,"3,622","3,682","3,714","3,804","3,819","3,908","3,954","4,041","4,170","4,159","4,328","4,335","4,329","4,326","4,355",,1.70%,0.90%,2.40%,0.40%,2.30%,1.20%,2.20%,3.20%,-0.30%,4.10%,0.20%,-0.10%,-0.10%,0.70%
Grand Forks,CY,"4,038","4,047","4,052","4,082","4,115","4,166","4,179","4,208","4,220","4,201","4,233","4,275","4,297","4,314","4,308",,0.20%,0.10%,0.70%,0.80%,1.20%,0.30%,0.70%,0.30%,-0.50%,0.80%,1.00%,0.50%,0.40%,-0.10%
Invermere,DM,"3,010","3,096","3,200","3,316","3,424","3,541","3,621","3,691","3,828","3,939","4,073","4,136","4,196","4,272","4,305",,2.90%,3.40%,3.60%,3.30%,3.40%,2.30%,1.90%,3.70%,2.90%,3.40%,1.50%,1.50%,1.80%,0.80%
Lantzville,DM,"3,630","3,605","3,645","3,666","3,654","3,745","3,761","3,831","3,842","3,892","3,938","4,024","4,093","4,243","4,276",,-0.70%,1.10%,0.60%,-0.30%,2.50%,0.40%,1.90%,0.30%,1.30%,1.20%,2.20%,1.70%,3.70%,0.80%
Port Hardy,DM,"4,057","4,204","4,215","4,244","4,244","4,252","4,280","4,183","4,251","4,065","4,079","4,166","4,188","4,169","4,201",,3.60%,0.30%,0.70%,0.00%,0.20%,0.70%,-2.30%,1.60%,-4.40%,0.30%,2.10%,0.50%,-0.50%,0.80%
Northern Rockies Regional Municipality,RGM,"5,406","5,590","5,459","5,360","5,112","4,981","4,657","4,390","4,208","4,075","4,111","4,104","4,094","4,132","4,144",,3.40%,-2.30%,-1.80%,-4.60%,-2.60%,-6.50%,-5.70%,-4.10%,-3.20%,0.90%,-0.20%,-0.20%,0.90%,0.30%
Lake Cowichan,T,"3,026","3,063","3,113","3,193","3,261","3,357","3,354","3,395","3,433","3,501","3,432","3,524","3,607","3,694","3,757",,1.20%,1.60%,2.60%,2.10%,2.90%,-0.10%,1.20%,1.10%,2.00%,-2.00%,2.70%,2.40%,2.40%,1.70%
Pemberton,VL,"2,508","2,537","2,573","2,632","2,617","2,730","2,926","3,069","3,246","3,365","3,622","3,746","3,759","3,770","3,620",,1.20%,1.40%,2.30%,-0.60%,4.30%,7.20%,4.90%,5.80%,3.70%,7.60%,3.40%,0.30%,0.30%,-4.00%
Mackenzie,DM,"3,595","3,588","3,708","3,772","3,825","3,891","3,809","3,867","3,866","3,667","3,389","3,372","3,375","3,392","3,442",,-0.20%,3.30%,1.70%,1.40%,1.70%,-2.10%,1.50%,0.00%,-5.10%,-7.60%,-0.50%,0.10%,0.50%,1.50%
Enderby,CY,"2,960","3,018","2,930","3,015","3,023","3,057","3,097","3,019","3,085","3,163","3,129","3,201","3,252","3,278","3,292",,2.00%,-2.90%,2.90%,0.30%,1.10%,1.30%,-2.50%,2.20%,2.50%,-1.10%,2.30%,1.60%,0.80%,0.40%
Houston,DM,"3,192","3,190","3,184","3,241","3,126","3,112","3,099","3,112","3,131","3,179","3,181","3,185","3,197","3,154","3,114",,-0.10%,-0.20%,1.80%,-3.50%,-0.40%,-0.40%,0.40%,0.60%,1.50%,0.10%,0.10%,0.40%,-1.30%,-1.30%
Princeton,T,"2,747","2,843","2,788","2,819","2,841","2,934","2,813","2,819","2,807","2,993","3,000","3,066","3,098","3,133","3,050",,3.50%,-1.90%,1.10%,0.80%,3.30%,-4.10%,0.20%,-0.40%,6.60%,0.20%,2.20%,1.00%,1.10%,-2.60%
Elkford,DM,"2,586","2,575","2,624","2,629","2,633","2,608","2,667","2,741","2,808","2,827","2,873","2,913","2,967","2,969","3,030",,-0.40%,1.90%,0.20%,0.20%,-0.90%,2.30%,2.80%,2.40%,0.70%,1.60%,1.40%,1.90%,0.10%,2.10%
Sicamous,DM,"2,467","2,449","2,452","2,443","2,470","2,509","2,555","2,601","2,718","2,658","2,695","2,765","2,825","2,852","2,854",,-0.70%,0.10%,-0.40%,1.10%,1.60%,1.80%,1.80%,4.50%,-2.20%,1.40%,2.60%,2.20%,1.00%,0.10%
Tofino,DM,"1,947","1,972","1,978","2,046","2,063","2,080","2,210","2,321","2,519","2,619","2,664","2,716","2,734","2,754","2,772",,1.30%,0.30%,3.40%,0.80%,0.80%,6.30%,5.00%,8.50%,4.00%,1.70%,2.00%,0.70%,0.70%,0.70%
Highlands,DM,"2,170","2,226","2,244","2,292","2,311","2,323","2,409","2,468","2,514","2,527","2,581","2,691","2,713","2,746","2,753",,2.60%,0.80%,2.10%,0.80%,0.50%,3.70%,2.40%,1.90%,0.50%,2.10%,4.30%,0.80%,1.20%,0.30%
Tumbler Ridge,DM,"2,760","2,589","2,506","2,378","2,214","2,060","2,132","2,301","2,423","2,394","2,513","2,513","2,668","2,717","2,663",,-6.20%,-3.20%,-5.10%,-6.90%,-7.00%,3.50%,7.90%,5.30%,-1.20%,5.00%,0.00%,6.20%,1.80%,-2.00%
Chase,VL,"2,510","2,467","2,433","2,394","2,352","2,347","2,379","2,428","2,448","2,457","2,459","2,514","2,562","2,596","2,591",,-1.70%,-1.40%,-1.60%,-1.80%,-0.20%,1.40%,2.10%,0.80%,0.40%,0.10%,2.20%,1.90%,1.30%,-0.20%
Anmore,VL,"2,145","2,224","2,254","2,303","2,292","2,316","2,430","2,419","2,453","2,452","2,456","2,527","2,538","2,577","2,508",,3.70%,1.30%,2.20%,-0.50%,1.00%,4.90%,-0.50%,1.40%,0.00%,0.20%,2.90%,0.40%,1.50%,-2.70%
Clearwater,DM,"2,358","2,357","2,362","2,368","2,377","2,417","2,432","2,390","2,390","2,425","2,462","2,475","2,447","2,553","2,500",,0.00%,0.20%,0.30%,0.40%,1.70%,0.60%,-1.70%,0.00%,1.50%,1.50%,0.50%,-1.10%,4.30%,-2.10%
Chetwynd,DM,"2,709","2,720","2,720","2,707","2,659","2,624","2,582","2,549","2,512","2,463","2,420","2,430","2,443","2,474","2,484",,0.40%,0.00%,-0.50%,-1.80%,-1.30%,-1.60%,-1.30%,-1.50%,-2.00%,-1.70%,0.40%,0.50%,1.30%,0.40%
Ucluelet,DM,"1,672","1,642","1,697","1,649","1,701","1,808","1,920","1,881","1,941","2,060","2,179","2,198","2,265","2,372","2,452",,-1.80%,3.30%,-2.80%,3.20%,6.30%,6.20%,-2.00%,3.20%,6.10%,5.80%,0.90%,3.00%,4.70%,3.40%
Port McNeill,T,"2,540","2,460","2,429","2,431","2,433","2,419","2,428","2,399","2,378","2,412","2,450","2,446","2,390","2,406","2,402",,-3.10%,-1.30%,0.10%,0.10%,-0.60%,0.40%,-1.20%,-0.90%,1.40%,1.60%,-0.20%,-2.30%,0.70%,-0.20%
Logan Lake,DM,"2,085","2,032","1,965","2,000","2,055","2,048","2,115","2,180","2,183","2,290","2,325","2,384","2,365","2,347","2,337",,-2.50%,-3.30%,1.80%,2.80%,-0.30%,3.30%,3.10%,0.10%,4.90%,1.50%,2.50%,-0.80%,-0.80%,-0.40%
Lumby,VL,"1,764","1,787","1,802","1,839","1,874","1,909","1,959","2,004","2,053","2,099","2,145","2,194","2,229","2,247","2,257",,1.30%,0.80%,2.10%,1.90%,1.90%,2.60%,2.30%,2.40%,2.20%,2.20%,2.30%,1.60%,0.80%,0.40%
Harrison Hot Springs,VL,"1,479","1,438","1,444","1,478","1,479","1,525","1,617","1,717","1,811","1,889","1,975","2,017","2,041","2,105","2,148",,-2.80%,0.40%,2.40%,0.10%,3.10%,6.00%,6.20%,5.50%,4.30%,4.60%,2.10%,1.20%,3.10%,2.00%
Fruitvale,VL,"2,039","2,019","1,993","1,987","1,975","1,987","1,993","2,012","2,019","2,015","2,033","2,059","2,065","2,073","2,068",,-1.00%,-1.30%,-0.30%,-0.60%,0.60%,0.30%,1.00%,0.30%,-0.20%,0.90%,1.30%,0.30%,0.40%,-0.20%
Lillooet,DM,"2,347","2,356","2,345","2,338","2,298","2,361","2,383","2,365","2,351","2,376","2,383","2,332","2,398","2,255","2,065",,0.40%,-0.50%,-0.30%,-1.70%,2.70%,0.90%,-0.80%,-0.60%,1.10%,0.30%,-2.10%,2.80%,-6.00%,-8.40%
100 Mile House,DM,"1,918","1,922","1,936","1,958","1,971","1,983","1,988","1,999","2,000","1,987","1,993","2,003","2,013","2,022","2,030",,0.20%,0.70%,1.10%,0.70%,0.60%,0.30%,0.60%,0.10%,-0.70%,0.30%,0.50%,0.50%,0.40%,0.40%
Burns Lake,VL,"2,068","2,028","1,982","1,941","1,888","1,859","1,874","1,908","1,949","1,974","2,004","2,010","2,015","2,013","2,007",,-1.90%,-2.30%,-2.10%,-2.70%,-1.50%,0.80%,1.80%,2.10%,1.30%,1.50%,0.30%,0.20%,-0.10%,-0.30%
Barriere,DM,"1,788","1,777","1,771","1,765","1,761","1,767","1,784","1,813","1,821","1,820","1,816","1,856","1,892","1,917","1,913",,-0.60%,-0.30%,-0.30%,-0.20%,0.30%,1.00%,1.60%,0.40%,-0.10%,-0.20%,2.20%,1.90%,1.30%,-0.20%
Keremeos,VL,"1,340","1,354","1,382","1,435","1,483","1,531","1,529","1,581","1,581","1,603","1,648","1,682","1,729","1,805","1,779",,1.00%,2.10%,3.80%,3.30%,3.20%,-0.10%,3.40%,0.00%,1.40%,2.80%,2.10%,2.80%,4.40%,-1.40%
Ashcroft,VL,"1,646","1,582","1,663","1,624","1,544","1,608","1,697","1,631","1,639","1,686","1,705","1,737","1,730","1,720","1,744",,-3.90%,5.10%,-2.30%,-4.90%,4.10%,5.50%,-3.90%,0.50%,2.90%,1.10%,1.90%,-0.40%,-0.60%,1.40%
Nakusp,VL,"1,586","1,583","1,580","1,595","1,619","1,637","1,698","1,692","1,717","1,657","1,640","1,667","1,702","1,730","1,740",,-0.20%,-0.20%,0.90%,1.50%,1.10%,3.70%,-0.40%,1.50%,-3.50%,-1.00%,1.60%,2.10%,1.60%,0.60%
Warfield,VL,"1,729","1,663","1,662","1,695","1,694","1,749","1,743","1,745","1,734","1,765","1,830","1,822","1,761","1,746","1,729",,-3.80%,-0.10%,2.00%,-0.10%,3.20%,-0.30%,0.10%,-0.60%,1.80%,3.70%,-0.40%,-3.30%,-0.90%,-1.00%
Sun Peaks Mountain,VL,383,441,494,588,617,680,836,"1,028","1,227","1,364","1,467","1,499","1,528","1,549","1,546",,15.10%,12.00%,19.00%,4.90%,10.20%,22.90%,23.00%,19.40%,11.20%,7.60%,2.20%,1.90%,1.40%,-0.20%
Telkwa,VL,"1,387","1,369","1,384","1,350","1,361","1,393","1,433","1,460","1,483","1,518","1,543","1,546","1,551","1,549","1,544",,-1.30%,1.10%,-2.50%,0.80%,2.40%,2.90%,1.90%,1.60%,2.40%,1.60%,0.20%,0.30%,-0.10%,-0.30%
Fort St. James,DM,"1,723","1,702","1,666","1,719","1,702","1,647","1,655","1,653","1,617","1,506","1,437","1,455","1,379","1,470","1,542",,-1.20%,-2.10%,3.20%,-1.00%,-3.20%,0.50%,-0.10%,-2.20%,-6.90%,-4.60%,1.30%,-5.20%,6.60%,4.90%
Radium Hot Springs,VL,783,791,785,801,845,814,934,"1,011","1,142","1,255","1,392","1,421","1,454","1,479","1,489",,1.00%,-0.80%,2.00%,5.50%,-3.70%,14.70%,8.20%,13.00%,9.90%,10.90%,2.10%,2.30%,1.70%,0.70%
Taylor,DM,"1,421","1,460","1,489","1,513","1,522","1,538","1,505","1,478","1,448","1,413","1,380","1,384","1,392","1,410","1,415",,2.70%,2.00%,1.60%,0.60%,1.10%,-2.10%,-1.80%,-2.00%,-2.40%,-2.30%,0.30%,0.60%,1.30%,0.40%
Lions Bay,VL,"1,337","1,317","1,291","1,337","1,370","1,387","1,400","1,420","1,428","1,438","1,432","1,456","1,459","1,460","1,375",,-1.50%,-2.00%,3.60%,2.50%,1.20%,0.90%,1.40%,0.60%,0.70%,-0.40%,1.70%,0.20%,0.10%,-5.80%
Gold River,VL,"1,279","1,338","1,319","1,285","1,256","1,246","1,267","1,251","1,278","1,286","1,286","1,316","1,289","1,301","1,339",,4.60%,-1.40%,-2.60%,-2.30%,-0.80%,1.70%,-1.30%,2.20%,0.60%,0.00%,2.30%,-2.10%,0.90%,2.90%
Salmo,VL,"1,168","1,171","1,151","1,242","1,158","1,174","1,203","1,153","1,193","1,213","1,171","1,238","1,253","1,300","1,310",,0.30%,-1.70%,7.90%,-6.80%,1.40%,2.50%,-4.20%,3.50%,1.70%,-3.50%,5.70%,1.20%,3.80%,0.80%
Kaslo,VL,"1,040","1,025","1,011","1,005",999,999,"1,015","1,033","1,049","1,064","1,077","1,096","1,118","1,136","1,141",,-1.40%,-1.40%,-0.60%,-0.60%,0.00%,1.60%,1.80%,1.50%,1.40%,1.20%,1.80%,2.00%,1.60%,0.40%
Valemount,VL,"1,038","1,038","1,045","1,049","1,058","1,063","1,071","1,121","1,037","1,095","1,091","1,087","1,055","1,051","1,082",,0.00%,0.70%,0.40%,0.90%,0.50%,0.80%,4.70%,-7.50%,5.60%,-0.40%,-0.40%,-2.90%,-0.40%,2.90%
Montrose,VL,"1,037","1,083","1,092","1,026","1,007","1,030","1,032","1,043","1,046","1,045","1,055","1,068","1,071","1,075","1,072",,4.40%,0.80%,-6.00%,-1.90%,2.30%,0.20%,1.10%,0.30%,-0.10%,1.00%,1.20%,0.30%,0.40%,-0.30%
Cache Creek,VL,"1,048","1,033","1,023","1,010",995,994,998,"1,011","1,010","1,005",999,"1,021","1,041","1,055","1,053",,-1.40%,-1.00%,-1.30%,-1.50%,-0.10%,0.40%,1.30%,-0.10%,-0.50%,-0.60%,2.20%,2.00%,1.30%,-0.20%
Hudson's Hope,DM,994,978,"1,023","1,060","1,020","1,053","1,040","1,032","1,022","1,007",993,997,"1,002","1,015","1,019",,-1.60%,4.60%,3.60%,-3.80%,3.20%,-1.20%,-0.80%,-1.00%,-1.50%,-1.40%,0.40%,0.50%,1.30%,0.40%
Daajing Giids,VL,952,951,938,924,915,907,962,961,964,960,984,"1,002","1,053","1,058",999,,-0.10%,-1.40%,-1.50%,-1.00%,-0.90%,6.10%,-0.10%,0.30%,-0.40%,2.50%,1.80%,5.10%,0.50%,-5.60%
Fraser Lake,VL,"1,188","1,150","1,153","1,121","1,088","1,023","1,028",995,970,975,"1,008",947,981,957,942,,-3.20%,0.30%,-2.80%,-2.90%,-6.00%,0.50%,-3.20%,-2.50%,0.50%,3.40%,-6.10%,3.60%,-2.40%,-1.60%
Masset,VL,894,872,856,842,826,827,823,841,822,862,869,871,903,848,914,,-2.50%,-1.80%,-1.60%,-1.90%,0.10%,-0.50%,2.20%,-2.30%,4.90%,0.80%,0.20%,3.70%,-6.10%,7.80%
Canal Flats,VL,727,720,716,712,705,698,722,749,780,804,830,848,868,883,889,,-1.00%,-0.60%,-0.60%,-1.00%,-1.00%,3.40%,3.70%,4.10%,3.10%,3.20%,2.20%,2.40%,1.70%,0.70%
Pouce Coupe,VL,756,777,794,809,820,826,819,815,810,801,793,796,800,810,813,,2.80%,2.20%,1.90%,1.40%,0.70%,-0.80%,-0.50%,-0.60%,-1.10%,-1.00%,0.40%,0.50%,1.30%,0.40%
sh?sh lh Nation Gov Dist (Part-Sunshine Coast),IGD,806,784,732,770,742,696,709,724,736,729,773,785,790,800,806,,-2.70%,-6.60%,5.20%,-3.60%,-6.20%,1.90%,2.10%,1.70%,-1.00%,6.00%,1.60%,0.60%,1.30%,0.80%
Port Alice,VL,808,795,796,778,711,679,654,672,690,711,763,772,772,780,789,,-1.60%,0.10%,-2.30%,-8.60%,-4.50%,-3.70%,2.80%,2.70%,3.00%,7.30%,1.20%,0.00%,1.00%,1.20%
Greenwood,CY,705,742,706,665,689,680,687,698,705,708,718,727,729,732,730,,5.20%,-4.90%,-5.80%,3.60%,-1.30%,1.00%,1.60%,1.00%,0.40%,1.40%,1.30%,0.30%,0.40%,-0.30%
Clinton,VL,638,618,602,624,647,663,623,672,680,652,659,646,698,682,707,,-3.10%,-2.60%,3.70%,3.70%,2.50%,-6.00%,7.90%,1.20%,-4.10%,1.10%,-2.00%,8.00%,-2.30%,3.70%
Belcarra,VL,655,658,674,665,647,667,686,705,686,686,710,725,735,720,702,,0.50%,2.40%,-1.30%,-2.70%,3.10%,2.80%,2.80%,-2.70%,0.00%,3.50%,2.10%,1.40%,-2.00%,-2.50%
Midway,VL,676,657,637,607,645,664,653,666,669,664,669,671,695,674,671,,-2.80%,-3.00%,-4.70%,6.30%,2.90%,-1.70%,2.00%,0.50%,-0.70%,0.80%,0.30%,3.60%,-3.00%,-0.40%
New Hazelton,DM,675,662,650,641,623,600,602,604,610,617,625,629,641,655,666,,-1.90%,-1.80%,-1.40%,-2.80%,-3.70%,0.30%,0.30%,1.00%,1.10%,1.30%,0.60%,1.90%,2.20%,1.70%
McBride,VL,596,602,611,618,629,637,635,633,628,620,608,614,626,639,646,,1.00%,1.50%,1.10%,1.80%,1.30%,-0.30%,-0.30%,-0.80%,-1.30%,-1.90%,1.00%,2.00%,2.10%,1.10%
New Denver,VL,505,496,487,484,483,483,486,490,492,494,496,506,516,524,527,,-1.80%,-1.80%,-0.60%,-0.20%,0.00%,0.60%,0.80%,0.40%,0.40%,0.40%,2.00%,2.00%,1.60%,0.60%
Stewart,DM,497,496,478,444,431,419,440,463,487,512,539,554,514,514,515,,-0.20%,-3.60%,-7.10%,-2.90%,-2.80%,5.00%,5.20%,5.20%,5.10%,5.30%,2.80%,-7.20%,0.00%,0.20%
Slocan,VL,300,299,299,299,300,302,319,339,357,375,391,449,464,492,488,,-0.30%,0.00%,0.00%,0.30%,0.70%,5.60%,6.30%,5.30%,5.00%,4.30%,14.80%,3.30%,6.00%,-0.80%
Alert Bay,VL,438,448,461,475,478,489,463,441,439,424,464,471,471,468,465,,2.30%,2.90%,3.00%,0.60%,2.30%,-5.30%,-4.80%,-0.50%,-3.40%,9.40%,1.50%,0.00%,-0.60%,-0.60%
Port Edward,DM,550,541,543,494,495,484,452,451,441,481,491,478,462,434,442,,-1.60%,0.40%,-9.00%,0.20%,-2.20%,-6.60%,-0.20%,-2.20%,9.10%,2.10%,-2.60%,-3.30%,-6.10%,1.80%
Tahsis,VL,317,330,322,283,275,257,280,320,357,391,401,412,381,393,418,,4.10%,-2.40%,-12.10%,-2.80%,-6.50%,8.90%,14.30%,11.60%,9.50%,2.60%,2.70%,-7.50%,3.10%,6.40%
Granisle,VL,301,288,287,306,306,309,314,322,331,338,345,346,332,360,357,,-4.30%,-0.30%,6.60%,0.00%,1.00%,1.60%,2.50%,2.80%,2.10%,2.10%,0.30%,-4.00%,8.40%,-0.80%
Port Clements,VL,381,340,327,297,295,293,310,327,329,350,351,351,350,353,352,,-10.80%,-3.80%,-9.20%,-0.70%,-0.70%,5.80%,5.50%,0.60%,6.40%,0.30%,0.00%,-0.30%,0.90%,-0.30%
Sayward,VL,320,292,277,292,291,325,342,360,375,366,346,320,322,324,329,,-8.80%,-5.10%,5.40%,-0.30%,11.70%,5.20%,5.30%,4.20%,-2.40%,-5.50%,-7.50%,0.60%,0.60%,1.50%
Hazelton,VL,305,310,316,324,325,322,315,308,306,302,300,303,309,316,321,,1.60%,1.90%,2.50%,0.30%,-0.90%,-2.20%,-2.20%,-0.60%,-1.30%,-0.70%,1.00%,2.00%,2.30%,1.60%
Wells,DM,247,241,237,233,228,227,227,228,228,227,227,228,229,230,231,,-2.40%,-1.70%,-1.70%,-2.10%,-0.40%,0.00%,0.40%,0.00%,-0.40%,0.00%,0.40%,0.40%,0.40%,0.40%
Lytton,VL,231,233,236,240,247,256,250,244,235,225,216,221,225,228,228,,0.90%,1.30%,1.70%,2.90%,3.60%,-2.30%,-2.40%,-3.70%,-4.30%,-4.00%,2.30%,1.80%,1.30%,0.00%
Silverton,VL,196,195,195,195,197,198,196,194,191,188,185,188,192,195,196,,-0.50%,0.00%,0.00%,1.00%,0.50%,-1.00%,-1.00%,-1.50%,-1.60%,-1.60%,1.60%,2.10%,1.60%,0.50%
Zeballos,VL,127,123,118,115,111,111,116,120,123,127,130,133,134,135,136,,-3.10%,-4.10%,-2.50%,-3.50%,0.00%,4.50%,3.40%,2.50%,3.30%,2.40%,2.30%,0.80%,0.70%,0.70%
sh?sh lh Nation Gov Dist (Part-qathet),IGD,22,22,21,21,21,21,21,21,21,21,21,21,21,21,21,,0.00%,-4.50%,0.00%,0.00%,0.00%,0.00%,0.00%,0.00%,0.00%,0.00%,0.00%,0.00%,0.00%,0.00%